Card ID,Name,Card Number,Type,HP,Rarity,Artist,,Set Name,Set ID,Image,TCCGP ID,TCGP Variant,PF Variant
svp-178,Kyogre ex,178,Pokemon,230,Promo,takuyoa,,Scarlet & Violet Black Star Promos,svp,https://tcgplayer-cdn.tcgplayer.com/product/619580_in_1000x1000.jpg,619580,Holofoil,Holofoil
svp-179,Xerneas ex,179,Pokemon,210,Promo,PLANETA Igarashi,,Scarlet & Violet Black Star Promos,svp,https://tcgplayer-cdn.tcgplayer.com/product/619584_in_1000x1000.jpg,619584,Holofoil,Holofoil
svp-180,Dialga ex,180,Pokemon,220,Promo,PLANETA Igarashi,,Scarlet & Violet Black Star Promos,svp,https://tcgplayer-cdn.tcgplayer.com/product/619587_in_1000x1000.jpg,619587,Holofoil,Holofoil
svp-181,N's Darmanitan,181,Pokemon,140,Promo,Takahashi Kaitou,,Scarlet & Violet Black Star Promos,svp,https://tcgplayer-cdn.tcgplayer.com/product/623233_in_1000x1000.jpg,623233,Holofoil,Stamp
svp-181,N's Darmanitan,181,Pokemon,140,Promo,Takahashi Kaitou,,Scarlet & Violet Black Star Promos,svp,https://tcgplayer-cdn.tcgplayer.com/product/624484_in_1000x1000.jpg,624484,Holofoil,Staff Stamp
svp-182,Iono's Kilowattrel,182,Pokemon,120,Promo,DOM,,Scarlet & Violet Black Star Promos,svp,https://tcgplayer-cdn.tcgplayer.com/product/623234_in_1000x1000.jpg,623234,Holofoil,Stamp
svp-182,Iono's Kilowattrel,182,Pokemon,120,Promo,DOM,,Scarlet & Violet Black Star Promos,svp,https://tcgplayer-cdn.tcgplayer.com/product/624482_in_1000x1000.jpg,624482,Holofoil,Staff Stamp
svp-183,Lillie's Ribombee,183,Pokemon,70,Promo,tono,,Scarlet & Violet Black Star Promos,svp,https://tcgplayer-cdn.tcgplayer.com/product/623235_in_1000x1000.jpg,623235,Holofoil,Stamp
svp-183,Lillie's Ribombee,183,Pokemon,70,Promo,tono,,Scarlet & Violet Black Star Promos,svp,https://tcgplayer-cdn.tcgplayer.com/product/623235_in_1000x1000.jpg,624472,Holofoil,Staff Stamp
svp-184,Hop's Snorlax,184,Pokemon,150,Promo,OKACHEKE,,Scarlet & Violet Black Star Promos,svp,https://tcgplayer-cdn.tcgplayer.com/product/623238_in_1000x1000.jpg,623238,Holofoil,Stamp
svp-184,Hop's Snorlax,184,Pokemon,150,Promo,OKACHEKE,,Scarlet & Violet Black Star Promos,svp,https://tcgplayer-cdn.tcgplayer.com/product/623238_in_1000x1000.jpg,624485,Holofoil,Stamp
svp-185,Yanma,185,Pokemon,60,Promo,Dsuke,,Scarlet & Violet Black Star Promos,svp,https://tcgplayer-cdn.tcgplayer.com/product/627706_in_1000x1000.jpg,627706,Holofoil,Cosmos Holofoil
svp-186,Scraggy,186,Pokemon,60,Promo,OKUBO,,Scarlet & Violet Black Star Promos,svp,https://tcgplayer-cdn.tcgplayer.com/product/627724_in_1000x1000.jpg,627707,Holofoil,Cosmos Holofoil
svp-187,Yanmega,187,Pokemon,130,Promo,Dsuke,,Scarlet & Violet Black Star Promos,svp,https://tcgplayer-cdn.tcgplayer.com/product/627724_in_1000x1000.jpg,627724,Holofoil,Cosmos Holofoil
svp-188,Scrafty,188,Pokemon,120,Promo,OKUBO,,Scarlet & Violet Black Star Promos,svp,https://tcgplayer-cdn.tcgplayer.com/product/627725_in_1000x1000.jpg,627725,Holofoil,Cosmos Holofoil
svp-189,N's Zorua,189,Pokemon,70,Promo,Megumi Mezutani,,Scarlet & Violet Black Star Promos,svp,https://tcgplayer-cdn.tcgplayer.com/product/625181_in_1000x1000.jpg,625181,Holofoil,Holofoil
svp-189,N's Zorua,189,Pokemon,70,Promo,Megumi Mezutani,,Scarlet & Violet Black Star Promos,svp,https://tcgplayer-cdn.tcgplayer.com/product/625181_in_1000x1000.jpg,625182,Holofoil,Pokemon Center Stamp
svp-190,Pikachu,190,Pokemon,70,Promo,Atsushi Furusawa,,Scarlet & Violet Black Star Promos,svp,https://tcgplayer-cdn.tcgplayer.com/product/562088_in_1000x1000.jpg,562088,Holofoil,Stamp
svp-191,Sprigatito,191,Pokemon,70,Promo,Saya Tsuruta,,Scarlet & Violet Black Star Promos,svp,https://tcgplayer-cdn.tcgplayer.com/product/595036_in_1000x1000.jpg,595036,Holofoil,Holofoil
svp-192,Fuecoco,192,Pokemon,80,Promo,Ito Kyoko,,Scarlet & Violet Black Star Promos,svp,https://tcgplayer-cdn.tcgplayer.com/product/595038_in_1000x1000.jpg,595038,Holofoil,Holofoil
svp-193,Hop's Zacian ex,193,Pokemon,230,Promo,aky CG Works,,Scarlet & Violet Black Star Promos,svp,https://tcgplayer-cdn.tcgplayer.com/product/625631_in_1000x1000.jpg,625631,Holofoil,Holofoil
svp-194,Iono's Bellibolt ex,194,Pokemon,280,Promo,PLANETA Mochizuki,,Scarlet & Violet Black Star Promos,svp,https://tcgplayer-cdn.tcgplayer.com/product/628320_in_1000x1000.jpg,628320,Holofoil,Holofoil
svp-195,Lillie's Clefairy ex,195,Pokemon,190,Promo,PLANETA Tsuji,,Scarlet & Violet Black Star Promos,svp,https://tcgplayer-cdn.tcgplayer.com/product/628317_in_1000x1000.jpg,628317,Holofoil,Holofoil
svp-196,Charizard ex,196,Pokemon,330,Promo,5ban Graphics,,Scarlet & Violet Black Star Promos,svp,https://tcgplayer-cdn.tcgplayer.com/product/641610_in_1000x1000.jpg,641610,Holofoil,Holofoil
svp-197,Koraidon ex,197,Pokemon,230,Promo,PLANETA Tsuji,,Scarlet & Violet Black Star Promos,svp,https://tcgplayer-cdn.tcgplayer.com/product/634348_in_1000x1000.jpg,634348,Holofoil,Holofoil
svp-198,Zacian ex,198,Pokemon,220,Promo,PLANETA Mochizuki,,Scarlet & Violet Black Star Promos,svp,https://tcgplayer-cdn.tcgplayer.com/product/632678_in_1000x1000.jpg,632678,Holofoil,Holofoil
svp-199,Zarude,199,Pokemon,120,Promo,Uninari,,Scarlet & Violet Black Star Promos,svp,https://tcgplayer-cdn.tcgplayer.com/product/637662_in_1000x1000.jpg,637662,Holofoil,Cosmos Holofoil
svp-200,Eevee,200,Pokemon,60,Promo,Kariya,,Scarlet & Violet Black Star Promos,svp,https://tcgplayer-cdn.tcgplayer.com/product/637077_in_1000x1000.jpg,637077,Holofoil,Cosmos Holofoil
svp-201,Zebstrika,201,Pokemon,120,Promo,Krgc,,Scarlet & Violet Black Star Promos,svp,https://tcgplayer-cdn.tcgplayer.com/product/637669_in_1000x1000.jpg,637669,Holofoil,Cosmos Holofoil
svp-202,Kangaskhan ,202,Pokemon,130,Promo,Uta,,Scarlet & Violet Black Star Promos,svp,https://tcgplayer-cdn.tcgplayer.com/product/637413_in_1000x1000.jpg,637413,Holofoil,Cosmos Holofoil
svp-204,Cynthia's Garchomp ex,204,Pokemon,330,Promo,PLANETA Igarashi,,Scarlet & Violet Black Star Promos,svp,https://assets.pkmn.gg/fit-in/600x836/filters:format(webp)/images/cards/svp/svp-204v574.webp?signature=7390833c5fdbe0fee097e1c3eb3d684d25272c34f295ad82947f17a526bae94d,637613,Holofoil,Holofoil
svp-205,Team Rocket's Mewtwo ex,205,Pokemon,280,Promo,aky CG Works,,Scarlet & Violet Black Star Promos,svp,https://tcgplayer-cdn.tcgplayer.com/product/637617_in_1000x1000.jpg,637617,Holofoil,Holofoil
svp-206,Marnieâ€™s Morpeko,206,Pokemon,70,Promo,Susumu Maeya,,Scarlet & Violet Black Star Promos,svp,https://tcgplayer-cdn.tcgplayer.com/product/635456_in_1000x1000.jpg,635456,Holofoil,Holofoil
svp-207,Steven's Beldum,207,Pokemon,70,Promo,hncl,,Scarlet & Violet Black Star Promos,svp,https://assets.pkmn.gg/fit-in/600x836/filters:format(webp)/images/cards/svp/svp-207v182.png?signature=b1896123576b36dbe976b0f2716bdbfad3c1525ef72b229958c8f16afc46eedf,635457,Holofoil,Holofoil
svp-208,Victini,208,Pokemon,80,Promo,Amelicart,,Scarlet & Violet Black Star Promos,svp,https://tcgplayer-cdn.tcgplayer.com/product/646169_in_1000x1000.jpg,646169,Holofoil,Holofoil
svp-209,Thundurus,209,Pokemon,120,Promo,hncl,,Scarlet & Violet Black Star Promos,svp,https://tcgplayer-cdn.tcgplayer.com/product/644834_in_1000x1000.jpg,644833,Holofoil,Holofoil
svp-209,Thundurus,209,Pokemon,120,Promo,hncl,,Scarlet & Violet Black Star Promos,svp,https://tcgplayer-cdn.tcgplayer.com/product/644834_in_1000x1000.jpg,644834,Holofoil,Pokemon Center Stamp
svp-210,Tornadus,210,Pokemon,120,Promo,Kouki Satou,,Scarlet & Violet Black Star Promos,svp,https://tcgplayer-cdn.tcgplayer.com/product/644835_in_1000x1000.jpg,644835,Holofoil,Holofoil
svp-210,Tornadus,210,Pokemon,120,Promo,Kouki Satou,,Scarlet & Violet Black Star Promos,svp,https://tcgplayer-cdn.tcgplayer.com/product/644835_in_1000x1000.jpg,644836,Holofoil,Pokemon Center Stamp
svp-213,Feraligatr,213,Pokemon,180,Promo,Acorviart,,Scarlet & Violet Black Star Promos,svp,https://tcgplayer-cdn.tcgplayer.com/product/620104_in_1000x1000.jpg,620104,Normal,Normal
svp-214,Pikachu,214,Pokemon,60,Promo,Kazuki Minami,,Scarlet & Violet Black Star Promos,svp,https://tcgplayer-cdn.tcgplayer.com/product/620106_in_1000x1000.jpg,620106,Normal,Normal
svp-215,Toxtricity ex,215,Pokemon,260,Promo,Anderson,,Scarlet & Violet Black Star Promos,svp,https://tcgplayer-cdn.tcgplayer.com/product/620107_in_1000x1000.jpg,620107,Normal,Normal
svp-224,Paradise Resort,224,Trainer,,Promo,Naoki Saito,,Scarlet & Violet Black Star Promos,svp,https://tcgplayer-cdn.tcgplayer.com/product/649232_in_1000x1000.jpg,649232,Normal,Normal
svp-224,Paradise Resort,224,Trainer,,Promo,Naoki Saito,,Scarlet & Violet Black Star Promos,svp,https://tcgplayer-cdn.tcgplayer.com/product/649232_in_1000x1000.jpg,649234,Normal,Staff Stamp
svp-225,Pikachu,225,Pokemon,70,Promo,DOM,,Scarlet & Violet Black Star Promos,svp,https://tcgplayer-cdn.tcgplayer.com/product/648631_in_1000x1000.jpg,648631,Normal,Stamp
svp-225,Pikachu,225,Pokemon,70,Promo,DOM,,Scarlet & Violet Black Star Promos,svp,https://tcgplayer-cdn.tcgplayer.com/product/648631_in_1000x1000.jpg,649940,Normal,League Stamp